time [yyyy_doy],time [yyyy-mm-dd],global [Gt],uncertainty_global [Gt],301 [Gt],uncertainty_301 [Gt],302 [Gt],uncertainty_302 [Gt],303 [Gt],uncertainty_303 [Gt],304 [Gt],uncertainty_304 [Gt],305 [Gt],uncertainty_305 [Gt],306 [Gt],uncertainty_306 [Gt],307 [Gt],uncertainty_307 [Gt]
2002_108,2002-04-18,1769.1203,27.9676,178.6897,4.965,154.332,7.9716,218.9159,10.0606,285.7281,12.2585,137.6014,10.6254,488.2627,17.0366,305.5904,6.2734
2002_129,2002-05-09,1811.2748,25.6938,176.5624,4.5614,138.2231,7.3235,214.3379,9.2427,289.0195,11.2619,173.516,9.7616,498.8467,15.6515,320.7693,5.7633
2002_228,2002-08-16,1552.6263,22.0732,164.1212,3.9186,109.4199,6.2916,161.3383,7.9403,262.2312,9.6749,134.6823,8.3861,412.587,13.446,308.2464,4.9512
2002_258,2002-09-15,1523.9777,29.7321,151.0889,5.2783,111.602,8.4746,154.8372,10.6953,238.3601,13.0319,144.7632,11.2958,433.4877,18.1114,289.8385,6.6692
2002_289,2002-10-16,1576.8844,21.9332,147.3227,3.8937,102.438,6.2516,176.3756,7.8899,268.6964,9.6136,141.0369,8.3328,457.5531,13.3607,283.4617,4.9198
2002_320,2002-11-16,1612.6644,21.9934,160.071,3.9044,94.5608,6.2688,195.7549,7.9115,258.5197,9.64,145.7949,8.3557,470.5813,13.3974,287.3817,4.9333
2002_350,2002-12-16,1634.139,24.0253,156.466,4.2651,95.7866,6.848,202.0648,8.6425,296.6725,10.5305,150.5441,9.1277,444.704,14.6351,287.901,5.3891
2003_016,2003-01-16,1632.8205,27.7959,146.6233,4.9345,117.1782,7.9227,193.894,9.9988,281.9945,12.1832,167.5362,10.5602,451.9298,16.932,273.6646,6.2348
2003_046,2003-02-15,1629.8318,22.8414,165.7447,4.055,87.988,6.5105,209.914,8.2166,305.4455,10.0116,162.313,8.6779,413.465,13.914,284.9618,5.1235
2003_075,2003-03-16,1740.0143,20.882,165.8908,3.7071,101.4099,5.952,220.1409,7.5118,318.0046,9.1528,176.1558,7.9335,478.7162,12.7204,279.696,4.684
2003_106,2003-04-16,1787.2245,20.4264,152.9009,3.6263,106.762,5.8222,251.0107,7.3479,381.1599,8.9531,178.819,7.7604,447.8273,12.4429,268.7447,4.5818
2003_131,2003-05-11,1804.1679,22.3378,150.022,3.9656,116.2629,6.367,256.7416,8.0354,400.1255,9.7909,170.4243,8.4866,441.6751,13.6072,268.9164,5.0106
2003_197,2003-07-16,1574.6477,18.633,143.7101,3.3079,81.4212,5.311,213.4063,6.7027,353.601,8.167,160.1637,7.079,357.4373,11.3504,264.9081,4.1795
2003_228,2003-08-16,1450.6941,18.7892,121.0431,3.3356,58.253,5.3555,201.3549,6.7589,317.3862,8.2355,142.6783,7.1384,339.8749,11.4455,270.1036,4.2146
2003_258,2003-09-15,1488.5595,18.4089,124.7419,3.2681,63.0699,5.2471,199.6674,6.6221,323.9648,8.0688,131.6834,6.9939,357.9376,11.2139,287.4946,4.1293
2003_289,2003-10-16,1493.1659,18.3018,129.8141,3.2491,56.2971,5.2166,195.4288,6.5836,327.1612,8.0219,119.7648,6.9532,376.8723,11.1487,287.8276,4.1053
2003_320,2003-11-16,1462.8836,18.7875,126.781,3.3353,58.7522,5.355,187.7356,6.7583,335.6117,8.2348,109.3188,7.1377,351.7711,11.4445,292.9131,4.2142
2003_350,2003-12-16,1465.2795,18.3165,135.1082,3.2517,57.9474,5.2208,194.2929,6.5889,311.348,8.0283,124.9508,6.9588,352.5407,11.1576,289.0915,4.1086
2004_007,2004-01-07,1478.4188,24.1264,133.3443,4.2831,44.9609,6.8768,194.4531,8.6788,282.8076,10.5748,144.5919,9.1661,393.0558,14.6967,285.2055,5.4117
2004_048,2004-02-17,1436.9722,18.8551,123.9083,3.3473,41.6322,5.3743,198.17,6.7826,319.6115,8.2644,107.8646,7.1634,368.8056,11.4857,276.9801,4.2294
2004_076,2004-03-16,1493.7941,17.8689,119.2822,3.1722,30.4021,5.0932,213.3631,6.4279,338.7539,7.8322,128.1577,6.7888,399.4256,10.885,264.4093,4.0082
2004_106,2004-04-15,1568.34,18.231,126.8884,3.2365,47.5375,5.1964,221.2386,6.5581,319.879,7.9908,154.2037,6.9263,430.2011,11.1055,268.3917,4.0894
2004_137,2004-05-16,1525.3072,20.9835,124.059,3.7251,50.7014,5.9809,215.9647,7.5482,311.4426,9.1973,156.6402,7.972,412.1655,12.7822,254.3338,4.7068
2004_168,2004-06-16,1501.9533,20.1423,123.2912,3.5758,63.0768,5.7412,191.2009,7.2457,302.4748,8.8286,154.8235,7.6525,409.1048,12.2698,257.9813,4.5181
2004_198,2004-07-16,1446.2518,20.6128,119.9869,3.6593,49.015,5.8753,187.7204,7.4149,327.6739,9.0348,126.1082,7.8312,373.8546,12.5564,261.8929,4.6236
2004_229,2004-08-16,1356.5594,24.7523,109.2987,4.3942,23.5469,7.0552,197.1999,8.904,285.4935,10.8492,121.48,9.4039,353.4633,15.078,266.0771,5.5522
2004_260,2004-09-16,1241.467,38.8185,101.3503,6.8914,5.83,11.0645,165.7442,13.9639,290.0595,17.0146,105.4184,14.7479,318.3557,23.6465,254.7088,8.7073
2004_290,2004-10-16,1183.0362,24.6337,105.0284,4.3732,3.2077,7.0214,150.3355,8.8613,269.5759,10.7972,90.6508,9.3588,310.246,15.0057,253.9919,5.5255
2004_320,2004-11-15,1293.3415,20.7442,126.9033,3.6827,17.2827,5.9128,150.6971,7.4622,268.2772,9.0924,93.3078,7.8811,351.3674,12.6364,285.5061,4.6531
2004_351,2004-12-16,1340.5688,19.4498,129.5562,3.4529,17.2497,5.5438,173.6859,6.9966,228.2551,8.5251,120.2642,7.3894,387.0633,11.8479,284.4944,4.3628
2005_016,2005-01-16,1335.9868,17.9088,116.6607,3.1793,6.1562,5.1046,170.6961,6.4422,274.5763,7.8496,111.5247,6.8039,373.5183,10.9092,282.8545,4.0171
2005_045,2005-02-14,1383.7063,19.3649,115.9689,3.4378,22.4348,5.5196,193.9288,6.966,258.4737,8.4878,126.1167,7.3571,394.8851,11.7962,271.8983,4.3437
2005_076,2005-03-17,1424.4686,19.2805,125.948,3.4228,33.1014,5.4956,181.0899,6.9357,261.8601,8.4509,124.7498,7.3251,410.6139,11.7448,287.1055,4.3248
2005_106,2005-04-16,1414.7941,18.8626,125.3393,3.3486,35.6908,5.3764,161.9567,6.7853,265.3255,8.2677,138.6501,7.1663,403.9734,11.4902,283.8584,4.231
2005_136,2005-05-16,1404.8319,19.1988,125.8465,3.4083,26.4545,5.4723,155.6358,6.9062,250.8971,8.415,131.2352,7.294,431.7802,11.695,282.9827,4.3064
2005_167,2005-06-16,1391.0465,19.5758,115.0192,3.4752,38.6838,5.5797,164.4153,7.0419,261.2325,8.5803,122.9162,7.4372,420.2131,11.9247,268.5664,4.391
2005_197,2005-07-16,1311.2599,18.6473,108.4524,3.3104,10.9315,5.3151,156.5957,6.7079,253.9381,8.1733,117.1156,7.0845,395.2839,11.3591,268.9427,4.1828
2005_228,2005-08-16,1098.5964,18.5999,86.2447,3.302,-8.9799,5.3016,106.9777,6.6908,226.5746,8.1526,98.0277,7.0665,335.266,11.3302,254.4857,4.1721
2005_258,2005-09-15,971.0959,18.9527,84.9864,3.3646,-10.1248,5.4021,67.8353,6.8177,210.3563,8.3072,67.7201,7.2005,301.1751,11.5451,249.1476,4.2512
2005_289,2005-10-16,992.1276,18.5779,89.3081,3.2981,0.1958,5.2953,82.2976,6.6829,184.5728,8.1429,65.3218,7.0581,317.345,11.3168,253.0865,4.1672
2005_320,2005-11-16,1044.2198,18.7221,94.6717,3.3237,-4.2181,5.3364,81.0246,6.7348,196.589,8.2061,74.5303,7.1129,352.853,11.4047,248.7693,4.1995
2005_350,2005-12-16,1103.3214,21.4132,89.1407,3.8014,-3.2371,6.1035,78.8525,7.7028,203.5296,9.3857,106.8212,8.1353,372.5022,13.044,255.7122,4.8032
2006_016,2006-01-16,1116.6781,19.6309,94.6072,3.485,26.0952,5.5954,106.552,7.0617,196.1916,8.6044,96.4419,7.4582,358.5537,11.9583,238.2365,4.4034
2006_046,2006-02-15,1137.3823,19.608,100.0866,3.481,28.2318,5.5889,102.9253,7.0534,203.6406,8.5944,98.6958,7.4494,358.4599,11.9443,245.3423,4.3982
2006_075,2006-03-16,1126.0422,18.8171,96.5863,3.3406,30.9212,5.3635,105.5828,6.769,209.3635,8.2478,99.8314,7.149,345.2932,11.4626,238.4638,4.2208
2006_106,2006-04-16,1112.366,18.7167,94.1403,3.3227,29.5467,5.3349,93.3962,6.7329,184.8083,8.2038,108.0186,7.1109,374.791,11.4014,227.6648,4.1983
2006_136,2006-05-16,1176.5912,18.2448,91.4538,3.239,54.0032,5.2003,89.241,6.5631,194.1166,7.9969,127.1167,6.9315,409.5034,11.1139,211.1565,4.0925
2006_167,2006-06-16,1164.1811,19.8932,91.1521,3.5316,63.7876,5.6702,89.1776,7.156,188.964,8.7194,118.4044,7.5578,402.724,12.118,209.9713,4.4622
2006_197,2006-07-16,1067.7297,20.0299,90.3829,3.5559,66.0018,5.7092,85.4235,7.2052,145.4556,8.7793,102.0241,7.6097,370.8116,12.2013,207.6302,4.4929
2006_228,2006-08-16,907.6952,18.2666,95.7779,3.2428,45.6618,5.2066,34.2267,6.5709,153.9754,8.0065,63.8763,6.9398,312.5475,11.1272,201.6296,4.0974
2006_258,2006-09-15,881.9634,19.8347,100.4989,3.5212,41.8065,5.6535,26.9082,7.135,120.5896,8.6938,77.3507,7.5356,325.2769,12.0824,189.5326,4.4491
2006_289,2006-10-16,898.2641,18.6705,93.9687,3.3145,47.72,5.3217,50.55,6.7162,140.4059,8.1835,47.0807,7.0933,330.291,11.3732,188.2478,4.188
2006_320,2006-11-16,918.6257,18.2373,101.2435,3.2376,63.1383,5.1982,54.0564,6.5604,134.117,7.9936,56.2914,6.9287,328.5661,11.1094,181.213,4.0908
2006_350,2006-12-16,894.2757,19.1541,102.488,3.4004,64.6229,5.4595,22.9132,6.8902,149.7825,8.3954,45.0176,7.277,322.9988,11.6678,186.4528,4.2964
2007_016,2007-01-16,873.4709,19.5203,110.0343,3.4654,49.399,5.5639,34.4725,7.0219,139.9273,8.556,43.9498,7.4162,308.1137,11.8909,187.5743,4.3786
2007_046,2007-02-15,937.4399,19.005,114.2171,3.3739,57.4921,5.417,38.5661,6.8365,132.6449,8.3301,64.9956,7.2204,344.0723,11.577,185.4517,4.263
2007_075,2007-03-16,927.8229,18.1803,102.0977,3.2275,53.3927,5.182,40.8923,6.5399,152.6892,7.9686,73.8711,6.9071,331.5505,11.0746,173.3295,4.078
2007_106,2007-04-16,988.0752,18.3277,109.3397,3.2537,66.863,5.224,59.8724,6.5929,165.4906,8.0332,86.0234,6.9631,336.6694,11.1644,163.8167,4.1111
2007_136,2007-05-16,979.1186,18.2477,110.5323,3.2395,66.6487,5.2012,50.3535,6.5641,157.6383,7.9982,81.6821,6.9326,348.7135,11.1157,163.5502,4.0931
2007_167,2007-06-16,956.1999,18.4326,111.8359,3.2723,76.9505,5.2539,48.2149,6.6306,149.1042,8.0792,88.1051,7.0029,313.4974,11.2283,168.4919,4.1346
2007_197,2007-07-16,778.8081,18.1095,107.4245,3.2149,62.8041,5.1618,2.987,6.5144,113.8918,7.9376,62.3501,6.8802,272.7951,11.0315,156.5556,4.0621
2007_228,2007-08-16,598.9868,19.5223,93.7835,3.4658,43.6586,5.5645,-14.8271,7.0226,110.0163,8.5568,28.3823,7.4169,204.0399,11.8921,133.9334,4.379
2007_258,2007-09-15,633.1965,20.1944,97.7948,3.5851,39.2403,5.7561,-27.2635,7.2644,109.1827,8.8514,37.8226,7.6723,247.8544,12.3015,128.5652,4.5298
2007_289,2007-10-16,608.8722,20.3056,99.2713,3.6048,30.8632,5.7877,-16.6887,7.3044,101.0451,8.9002,23.517,7.7145,238.9236,12.3693,131.9406,4.5547
2007_320,2007-11-16,612.7497,21.3329,101.0851,3.7872,43.7168,6.0806,-10.2181,7.6739,110.2548,9.3504,25.1842,8.1048,216.983,12.995,125.7438,4.7852
2007_350,2007-12-16,658.5787,20.118,114.6556,3.5715,49.1222,5.7343,-18.5267,7.2369,106.9345,8.818,28.2681,7.6432,248.8354,12.255,129.2896,4.5126
2008_016,2008-01-16,707.2972,19.3761,118.102,3.4398,36.8225,5.5228,1.7898,6.97,111.2173,8.4927,39.2056,7.3614,264.8625,11.803,135.2976,4.3462
2008_046,2008-02-15,730.2283,20.9572,97.804,3.7205,56.7586,5.9735,22.9988,7.5388,123.8503,9.1858,47.392,7.9621,262.1808,12.7662,119.2437,4.7009
2008_076,2008-03-16,760.7413,19.3982,98.2003,3.4437,54.8663,5.5291,49.6224,6.978,120.7415,8.5025,43.4437,7.3698,269.9393,11.8165,123.9279,4.3512
2008_106,2008-04-15,771.3585,20.9617,105.4027,3.7213,60.5933,5.9747,30.6819,7.5404,118.6833,9.1877,61.7568,7.9638,278.9824,12.7689,115.258,4.7019
2008_137,2008-05-16,698.6895,20.3485,98.4614,3.6124,73.7759,5.8,29.6845,7.3198,108.6525,8.919,46.386,7.7308,238.1453,12.3954,103.5838,4.5643
2008_168,2008-06-16,655.8178,18.5013,94.7163,3.2845,57.5538,5.2735,31.7246,6.6553,96.3009,8.1093,37.4665,7.029,232.1146,11.2702,105.9411,4.15
2008_198,2008-07-16,564.9217,19.3904,71.5565,3.4423,26.1978,5.5269,16.0175,6.9752,95.5742,8.499,32.3264,7.3668,220.9552,11.8117,102.2942,4.3494
2008_229,2008-08-16,427.0333,18.5165,56.3251,3.2872,-12.0516,5.2778,4.2992,6.6608,86.2808,8.116,4.195,7.0348,184.1044,11.2794,103.8805,4.1534
2008_260,2008-09-16,365.2255,18.8396,44.8453,3.3445,0.4631,5.3699,14.202,6.777,56.0089,8.2576,-12.4417,7.1575,172.0046,11.4762,90.1433,4.2259
2008_290,2008-10-16,328.2896,18.6143,45.2256,3.3045,3.2148,5.3057,17.9439,6.696,41.7999,8.1588,-22.2899,7.0719,158.5858,11.339,83.8095,4.1753
2008_320,2008-11-15,407.7646,20.2578,52.4619,3.5963,4.4859,5.7741,12.4411,7.2872,45.8814,8.8792,-3.5772,7.6963,208.03,12.3401,88.0415,4.544
2008_351,2008-12-16,480.5272,19.9609,50.506,3.5436,6.1934,5.6895,32.6197,7.1804,79.1153,8.7491,-13.2796,7.5835,231.6457,12.1593,93.7267,4.4774
2009_016,2009-01-16,586.4613,19.5886,55.319,3.4775,9.8524,5.5834,51.7964,7.0465,88.5126,8.5859,13.8075,7.4421,267.9112,11.9325,99.2622,4.3939
2009_046,2009-02-15,545.3631,20.3974,49.8356,3.6211,13.6027,5.8139,53.5647,7.3374,83.6097,8.9404,20.9276,7.7494,249.1627,12.4252,74.6601,4.5753
2009_075,2009-03-16,491.3056,20.6274,44.8506,3.6619,3.4211,5.8795,38.2141,7.4202,63.2563,9.0412,40.0834,7.8368,228.9535,12.5653,72.5267,4.6269
2009_106,2009-04-16,498.94,18.8124,51.8924,3.3397,15.9602,5.3621,37.4284,6.7673,73.9011,8.2457,42.0461,7.1472,215.7153,11.4597,61.9966,4.2198
2009_136,2009-05-16,525.4819,18.5755,56.4341,3.2977,2.2654,5.2946,45.8304,6.682,75.6023,8.1418,47.5684,7.0572,247.0587,11.3153,50.7225,4.1666
2009_167,2009-06-16,564.952,19.2638,54.5302,3.4199,17.6687,5.4908,51.6935,6.9296,85.4066,8.4435,53.6967,7.3187,254.061,11.7346,47.8952,4.321
2009_197,2009-07-16,462.6078,21.3469,41.2756,3.7897,0.885,6.0845,35.8831,7.679,65.3103,9.3566,42.4061,8.1101,233.9905,13.0036,42.8572,4.7883
2009_228,2009-08-16,235.3383,21.3242,16.5516,3.7856,-4.2358,6.0781,7.5834,7.6708,44.0779,9.3466,13.4442,8.1015,137.891,12.9897,20.0259,4.7832
2009_258,2009-09-15,175.7185,21.7362,18.0557,3.8588,-2.365,6.1955,1.5039,7.819,19.6535,9.5272,12.5605,8.258,120.0318,13.2407,6.2781,4.8756
2009_289,2009-10-16,215.4653,23.0243,22.3316,4.0875,3.5952,6.5627,1.8388,8.2824,4.8187,10.0918,16.5572,8.7474,153.2529,14.0254,13.0709,5.1646
2009_320,2009-11-16,226.031,23.213,13.2432,4.1209,3.4154,6.6164,26.3968,8.3503,39.2992,10.1745,-6.199,8.8191,147.9101,14.1403,1.9654,5.2069
2009_350,2009-12-16,288.9055,23.8144,14.049,4.2277,-0.07,6.7878,19.0445,8.5666,69.0124,10.4381,20.9882,9.0475,156.1584,14.5066,9.7231,5.3418
2010_016,2010-01-16,300.7767,23.4375,22.737,4.1608,9.8302,6.6804,16.9748,8.431,34.8135,10.2729,29.7807,8.9044,171.5474,14.2771,15.0931,5.2572
2010_046,2010-02-15,259.2075,22.8443,15.6084,4.0555,7.7317,6.5113,25.5213,8.2176,45.593,10.0129,24.7023,8.679,125.5119,13.9157,14.539,5.1242
2010_075,2010-03-16,281.7602,22.0932,13.1045,3.9222,16.0582,6.2973,5.7183,7.9475,57.7463,9.6837,24.5074,8.3936,153.6215,13.4582,11.0039,4.9557
2010_106,2010-04-16,287.9232,21.4925,12.2699,3.8155,8.8143,6.126,21.6389,7.7314,59.654,9.4204,33.7268,8.1654,155.7784,13.0923,-3.9592,4.821
2010_136,2010-05-16,381.3685,20.8678,24.9565,3.7046,23.1652,5.948,27.7779,7.5066,66.5853,9.1466,48.0591,7.9281,197.6013,12.7117,-6.7768,4.6808
2010_167,2010-06-16,275.5861,21.4567,23.6324,3.8092,27.1674,6.1158,9.6668,7.7185,45.4862,9.4047,27.6459,8.1518,147.2412,13.0705,-5.2539,4.8129
2010_197,2010-07-16,68.8864,18.9754,5.4507,3.3687,9.6229,5.4086,-20.4285,6.8259,21.9229,8.3171,-5.1536,7.2091,73.9171,11.559,-16.4451,4.2563
2010_228,2010-08-16,-151.6763,17.8566,-6.0991,3.17,-18.9625,5.0897,-62.698,6.4234,-23.8016,7.8267,-26.8729,6.7841,7.9335,10.8774,-21.1757,4.0054
2010_258,2010-09-15,-179.757,17.8723,-8.7185,3.1728,-20.1657,5.0942,-45.8827,6.4291,-46.5206,7.8336,-40.1357,6.79,8.1562,10.887,-26.49,4.0089
2010_289,2010-10-16,-161.4198,17.9864,-4.5459,3.1931,-18.3275,5.1267,-35.0307,6.4701,-29.5091,7.8836,-61.2713,6.8334,14.1876,10.9565,-26.9228,4.0345
2010_320,2010-11-16,-147.3381,18.3032,4.7968,3.2493,-14.5976,5.217,-33.8385,6.5841,-26.5639,8.0225,-56.6827,6.9538,4.0274,11.1495,-24.4797,4.1056
2010_348,2010-12-14,-167.4893,18.7378,11.5887,3.3265,-20.0578,5.3409,-51.5796,6.7404,-49.8557,8.213,-48.3841,7.1189,-3.5037,11.4142,-5.6969,4.2031
2011_049,2011-02-18,-134.1392,20.6511,12.8835,3.6662,-17.1092,5.8862,-34.2564,7.4287,-89.1703,9.0516,-33.5616,7.8458,37.6711,12.5798,-10.5963,4.6322
2011_075,2011-03-16,-108.5761,19.0941,7.2461,3.3897,-14.8969,5.4424,-25.6841,6.8686,-36.0911,8.3691,-38.3491,7.2542,18.7695,11.6313,-19.5704,4.283
2011_106,2011-04-16,-96.8419,18.209,5.5913,3.2326,-14.5617,5.1901,-11.9409,6.5502,-45.0573,7.9812,-38.528,6.918,33.5737,11.0921,-25.9191,4.0844
2011_136,2011-05-16,-110.7066,18.2259,11.0553,3.2356,3.4603,5.195,-26.9985,6.5563,-41.1666,7.9886,-43.1032,6.9244,23.1157,11.1024,-37.0696,4.0882
2011_199,2011-07-18,-382.2172,18.8407,-23.0643,3.3448,-13.7435,5.3702,-56.171,6.7775,-75.9404,8.2581,-71.39,7.158,-83.3239,11.4769,-58.584,4.2261
2011_228,2011-08-16,-481.6892,18.3519,-35.3932,3.258,-42.5872,5.2309,-90.1698,6.6016,-81.2411,8.0438,-61.3458,6.9722,-104.3548,11.1792,-66.5972,4.1165
2011_258,2011-09-15,-480.4381,18.1269,-36.009,3.218,-34.161,5.1668,-76.2904,6.5207,-88.5464,7.9452,-68.2305,6.8868,-114.6939,11.0421,-62.5068,4.066
2011_289,2011-10-16,-535.9265,17.9389,-30.4891,3.1847,-49.3665,5.1132,-73.7349,6.4531,-112.5428,7.8628,-83.9226,6.8154,-127.9492,10.9276,-57.9214,4.0239
2011_304,2011-10-31,-569.1968,17.8457,-35.7989,3.1681,-51.5026,5.0866,-79.4979,6.4195,-119.8322,7.822,-79.576,6.7799,-143.6252,10.8708,-59.364,4.003
2011_361,2011-12-27,-566.7257,17.7222,-32.2642,3.1462,-48.4136,5.0514,-69.117,6.3751,-120.3778,7.7678,-87.415,6.733,-139.7685,10.7956,-69.3697,3.9752
2012_016,2012-01-16,-513.8471,17.2335,-35.7372,3.0594,-39.2761,4.9121,-53.6789,6.1993,-112.8766,7.5536,-72.0131,6.5473,-127.3221,10.4979,-72.9431,3.8656
2012_046,2012-02-15,-483.8007,17.7511,-44.5375,3.1513,-47.3778,5.0596,-53.4965,6.3855,-95.8606,7.7805,-61.4494,6.744,-111.1252,10.8132,-69.9537,3.9817
2012_076,2012-03-16,-406.3811,18.1241,-31.7116,3.2175,-19.5805,5.1659,-42.241,6.5197,-91.1736,7.944,-42.2015,6.8857,-99.5826,11.0404,-79.8903,4.0654
2012_094,2012-04-03,-394.7165,19.7744,-29.9736,3.5105,-8.3044,5.6363,-41.8793,7.1133,-100.4994,8.6674,-36.8273,7.5127,-99.3605,12.0457,-77.872,4.4356
2012_168,2012-06-16,-428.0287,24.5386,-32.8193,4.3563,-6.2052,6.9943,-48.6382,8.8271,-111.2797,10.7556,-43.8769,9.3227,-97.1715,14.9478,-88.038,5.5042
2012_198,2012-07-16,-620.9102,19.1722,-52.0663,3.4036,-30.8457,5.4647,-77.3424,6.8967,-105.6045,8.4034,-88.1046,7.2839,-180.4346,11.6788,-86.512,4.3005
2012_229,2012-08-16,-895.6355,17.3012,-75.2824,3.0714,-64.4741,4.9314,-113.7152,6.2236,-164.6137,7.5833,-117.4713,6.5731,-265.7364,10.5391,-94.3425,3.8808
2012_257,2012-09-13,-1040.451,17.9401,-78.0214,3.1849,-71.8016,5.1135,-150.2483,6.4535,-180.2661,7.8633,-153.9635,6.8158,-313.4957,10.9283,-92.6544,4.0241
2012_323,2012-11-18,-944.9312,17.6308,-65.6396,3.13,-56.2166,5.0253,-162.785,6.3422,-170.8945,7.7278,-138.0451,6.6983,-261.0148,10.7399,-90.3357,3.9547
2012_351,2012-12-16,-923.9545,16.8846,-79.812,2.9975,-67.5653,4.8127,-152.2382,6.0738,-147.4578,7.4007,-132.1065,6.4148,-259.5213,10.2854,-85.2534,3.7874
2013_016,2013-01-16,-891.399,16.6517,-69.094,2.9561,-67.1318,4.7463,-132.7876,5.99,-153.0094,7.2986,-115.3747,6.3263,-252.7421,10.1435,-101.2595,3.7351
2013_044,2013-02-13,-899.1618,17.2764,-67.6718,3.067,-58.465,4.9243,-132.8732,6.2147,-130.0386,7.5724,-114.2583,6.5636,-283.0052,10.524,-112.8497,3.8752
2013_111,2013-04-21,-925.5578,18.298,-78.3056,3.2484,-50.8627,5.2155,-141.9248,6.5822,-137.9104,8.0202,-115.8226,6.9518,-281.3641,11.1463,-119.3678,4.1044
2013_136,2013-05-16,-903.0631,16.6151,-75.1134,2.9496,-74.8393,4.7358,-130.1429,5.9769,-139.936,7.2826,-101.4729,6.3124,-265.3967,10.1212,-116.162,3.7269
2013_167,2013-06-16,-789.2415,17.4701,-61.5127,3.1014,-60.6112,4.9795,-116.6274,6.2844,-134.2767,7.6573,-71.971,6.6372,-228.6896,10.642,-115.5528,3.9187
2013_197,2013-07-16,-950.8458,17.0271,-73.5078,3.0228,-72.9033,4.8533,-140.0496,6.125,-142.1813,7.4632,-93.4955,6.4689,-301.0709,10.3721,-127.6375,3.8193
2013_289,2013-10-16,-1000.8805,17.0888,-65.8449,3.0337,-35.4169,4.8708,-157.6016,6.1472,-165.4143,7.4902,-120.241,6.4924,-329.2827,10.4097,-127.0791,3.8332
2013_320,2013-11-16,-997.4314,16.8306,-71.1288,2.9879,-40.4902,4.7972,-145.8053,6.0543,-190.1418,7.377,-116.3217,6.3943,-308.8735,10.2524,-124.67,3.7752
2013_350,2013-12-16,-946.0848,18.0465,-60.3869,3.2038,-32.6993,5.1438,-152.7328,6.4917,-175.9556,7.91,-112.5688,6.8562,-284.368,10.9931,-127.3735,4.048
2014_009,2014-01-09,-963.0496,21.3035,-62.7646,3.782,-37.533,6.0722,-151.2721,7.6634,-182.1792,9.3376,-100.6854,8.0936,-300.0488,12.9771,-128.5666,4.7786
2014_075,2014-03-16,-954.4909,16.4166,-68.6212,2.9144,-32.7024,4.6793,-152.2926,5.9055,-158.3779,7.1956,-62.4929,6.237,-320.5644,10.0003,-159.4395,3.6824
2014_106,2014-04-16,-914.2284,16.5585,-76.2691,2.9396,-33.0016,4.7197,-116.3914,5.9565,-156.2106,7.2578,-51.6577,6.2909,-311.6749,10.0867,-169.023,3.7142
2014_136,2014-05-16,-866.6308,15.7662,-72.7562,2.7989,-31.6787,4.4939,-114.9253,5.6715,-141.6982,6.9105,-44.7381,5.9899,-290.5889,9.6041,-170.2455,3.5365
2014_163,2014-06-12,-903.3205,16.7035,-74.6538,2.9653,-20.854,4.761,-112.8064,6.0086,-156.9052,7.3213,-55.4427,6.346,-308.6451,10.175,-174.0134,3.7467
2014_228,2014-08-16,-1213.2879,16.6782,-86.7724,2.9608,-59.6463,4.7538,-186.3192,5.9995,-199.0461,7.3102,-87.0801,6.3364,-414.3514,10.1596,-180.0723,3.7411
2014_258,2014-09-15,-1219.0966,16.6827,-96.3222,2.9616,-61.2803,4.7551,-172.2826,6.0012,-228.432,7.3122,-90.0701,6.3381,-390.1622,10.1623,-180.5473,3.7421
2014_289,2014-10-16,-1184.2948,16.2493,-94.5392,2.8847,-58.7428,4.6316,-159.0413,5.8453,-201.6033,7.1222,-111.3438,6.1734,-384.9229,9.8983,-174.1016,3.6449
2014_320,2014-11-16,-1180.3201,16.765,-90.8209,2.9763,-37.5874,4.7786,-146.9895,6.0308,-233.0806,7.3483,-104.3883,6.3694,-383.2047,10.2125,-184.2487,3.7605
2015_022,2015-01-22,-1138.7064,30.5707,-88.9387,5.4271,-28.3339,8.7136,-147.05,10.997,-213.7891,13.3995,-73.8092,11.6144,-398.8905,18.6223,-187.895,6.8573
2015_046,2015-02-15,-1037.623,59.6313,-88.7176,10.5862,-14.2736,16.9968,-94.7365,21.4508,-219.2803,26.137,-122.612,22.6551,-321.9287,36.3247,-176.0742,13.3758
2015_075,2015-03-16,-1057.9443,15.8785,-94.0671,2.8189,-12.8102,4.5259,-94.4136,5.7119,-200.1722,6.9597,-89.5178,6.0326,-364.8903,9.6725,-202.0731,3.5617
2015_106,2015-04-16,-1051.3147,15.263,-93.2569,2.7096,-0.661,4.3504,-81.8474,5.4905,-187.483,6.6899,-88.0973,5.7987,-377.8955,9.2975,-222.0735,3.4236
2015_116,2015-04-26,-1093.554,15.339,-97.9372,2.7231,-1.249,4.3721,-85.2225,5.5178,-185.8609,6.7233,-96.6575,5.8276,-392.7053,9.3439,-233.9216,3.4407
2015_196,2015-07-15,-1233.8472,16.8348,-112.3742,2.9886,-31.265,4.7984,-142.3392,6.0559,-207.364,7.3789,-89.8377,6.3959,-401.7688,10.255,-248.8983,3.7762
2015_228,2015-08-16,-1305.8805,15.6739,-131.7092,2.7826,-48.4072,4.4676,-130.2473,5.6383,-218.7554,6.8701,-88.4863,5.9548,-427.0012,9.5479,-261.2739,3.5158
2015_257,2015-09-14,-1381.896,16.0929,-143.7634,2.8569,-59.1629,4.587,-136.0029,5.789,-227.101,7.0537,-114.0289,6.114,-438.5783,9.8031,-263.2585,3.6098
2015_357,2015-12-23,-1302.4999,15.9787,-133.5044,2.8367,-65.3309,4.5544,-136.007,5.7479,-234.9318,7.0036,-92.9117,6.0706,-398.6483,9.7335,-241.1657,3.5842
2016_016,2016-01-16,-1286.0781,15.3875,-144.6861,2.7317,-52.5683,4.3859,-106.8059,5.5352,-229.3356,6.7445,-94.843,5.846,-400.3464,9.3734,-257.4927,3.4515
2016_044,2016-02-13,-1263.1089,14.7072,-140.6095,2.6109,-29.0275,4.192,-79.6706,5.2905,-205.7409,6.4463,-100.7642,5.5875,-439.2069,8.959,-268.0894,3.2989
2016_076,2016-03-16,-1282.9577,14.6624,-146.0496,2.603,-25.8615,4.1792,-98.0265,5.2744,-209.9313,6.4267,-77.5718,5.5705,-440.0909,8.9317,-285.4259,3.2889
2016_140,2016-05-19,-1240.8431,16.076,-136.309,2.8539,-12.2498,4.5822,-100.2267,5.7829,-227.7105,7.0463,-66.9094,6.1076,-424.8649,9.7928,-272.5728,3.606
2016_168,2016-06-16,-1173.3218,15.776,-121.5042,2.8007,-32.2524,4.4966,-102.7189,5.675,-245.2999,6.9148,-44.9282,5.9936,-372.1418,9.61,-254.4764,3.5387
2016_197,2016-07-15,-1340.7172,15.9866,-144.1875,2.8381,-59.2824,4.5567,-132.3174,5.7508,-232.3522,7.0071,-71.8767,6.0736,-433.0787,9.7383,-267.6223,3.5859
2016_234,2016-08-21,-1509.1682,17.7272,-148.2616,3.1471,-56.6609,5.0528,-157.2154,6.3769,-285.6002,7.77,-92.5299,6.7349,-493.609,10.7986,-275.2911,3.9764
2016_332,2016-11-27,-1445.004,17.584,-144.5773,3.1217,-42.3085,5.012,-100.9003,6.3254,-284.4001,7.7073,-101.4734,6.6805,-497.9558,10.7114,-273.3886,3.9443
2016_359,2016-12-24,-1495.5024,17.5908,-168.4853,3.1229,-67.4443,5.0139,-80.6657,6.3278,-254.0033,7.7103,-107.2242,6.6831,-532.3048,10.7156,-285.3748,3.9458
2017_020,2017-01-20,-1197.7495,19.4998,-103.9803,3.4618,-24.6045,5.5581,-110.5263,7.0146,-361.3224,8.547,-36.2251,7.4084,-323.7064,11.8784,-237.3845,4.374
2017_090,2017-03-31,-1429.738,21.5059,-123.9984,3.8179,-35.9029,6.1299,-88.9214,7.7362,-258.4228,9.4263,-107.7829,8.1705,-520.1736,13.1004,-294.5359,4.824
2017_114,2017-04-24,-1399.5419,19.184,-140.8521,3.4057,-67.59,5.4681,-85.4796,6.901,-250.4685,8.4086,-71.0213,7.2884,-484.8643,11.6861,-299.2661,4.3031
2017_132,2017-05-12,-1348.4748,17.4389,-145.487,3.0959,-57.7688,4.9706,-67.4322,6.2732,-245.8235,7.6437,-76.4633,6.6254,-451.7319,10.623,-303.768,3.9117
2017_161,2017-06-10,-1390.7479,20.2067,-128.3949,3.5872,-89.0631,5.7595,-74.567,7.2688,-313.6496,8.8568,-69.8814,7.6769,-437.2757,12.309,-277.9162,4.5325
2018_167,2018-06-16,-1605.5192,15.9031,-191.4593,2.8232,-33.9207,4.5329,-70.8677,5.7207,-307.6649,6.9705,-128.9467,6.0419,-514.6372,9.6874,-358.0226,3.5672
2018_190,2018-07-09,-1625.7453,17.0053,-198.8773,3.0189,-42.2296,4.847,-77.5934,6.1172,-293.5013,7.4536,-122.1509,6.4606,-533.8512,10.3588,-357.5417,3.8144
2018_304,2018-10-31,-1712.7706,18.5469,-177.121,3.2926,-42.3157,5.2865,-119.6198,6.6718,-350.4514,8.1293,-132.2985,7.0463,-538.486,11.2979,-352.4783,4.1602
2018_320,2018-11-16,-1690.2579,16.1785,-185.1963,2.8721,-27.4261,4.6114,-81.4521,5.8198,-354.7362,7.0912,-141.2316,6.1465,-553.6802,9.8552,-346.5356,3.629
2018_350,2018-12-16,-1699.9003,15.9103,-197.2466,2.8245,-49.3013,4.5349,-93.1367,5.7233,-325.8034,6.9737,-134.9711,6.0446,-542.359,9.6918,-357.0821,3.5688
2019_016,2019-01-16,-1653.3632,16.2861,-205.5769,2.8912,-50.6045,4.6421,-78.3027,5.8585,-317.4408,7.1384,-119.1036,6.1874,-523.1291,9.9208,-359.2056,3.6531
2019_045,2019-02-14,-1693.3295,17.2822,-216.945,3.0681,-44.5822,4.926,-71.4999,6.2168,-337.8605,7.575,-121.6501,6.5659,-530.7023,10.5275,-370.0894,3.8765
2019_075,2019-03-16,-1677.9242,16.1525,-204.0503,2.8675,-38.9327,4.604,-86.6248,5.8104,-337.7093,7.0798,-96.1329,6.1366,-533.3393,9.8394,-381.1349,3.6231
2019_106,2019-04-16,-1668.0392,15.9853,-201.5814,2.8378,-39.9709,4.5563,-80.3349,5.7503,-317.3928,7.0065,-92.7708,6.0731,-547.0149,9.7375,-388.9734,3.5856
2019_136,2019-05-16,-1679.1464,16.061,-213.0941,2.8513,-53.7831,4.5779,-94.618,5.7775,-286.3048,7.0397,-92.4025,6.1019,-549.2006,9.7836,-389.7432,3.6026
2019_167,2019-06-16,-1723.4916,16.2539,-214.4784,2.8855,-61.6411,4.6329,-90.1175,5.8469,-328.0584,7.1243,-78.0329,6.1752,-549.7348,9.9011,-401.4285,3.6459
2019_197,2019-07-16,-1903.2487,16.0859,-241.4447,2.8557,-90.1269,4.585,-120.5353,5.7865,-330.1482,7.0506,-92.9837,6.1113,-616.615,9.7988,-411.395,3.6082
2019_228,2019-08-16,-2177.188,15.9439,-262.362,2.8305,-127.2015,4.5445,-162.4874,5.7354,-347.0522,6.9884,-144.5505,6.0574,-717.9712,9.7123,-415.5632,3.5764
2019_258,2019-09-15,-2275.996,16.3045,-258.3054,2.8945,-124.8414,4.6473,-181.4006,5.8651,-367.7921,7.1465,-162.0592,6.1944,-750.5708,9.932,-431.0264,3.6572
2019_289,2019-10-16,-2318.581,15.997,-269.8465,2.8399,-116.24,4.5597,-183.1513,5.7545,-364.566,7.0117,-178.3938,6.0776,-767.8233,9.7447,-438.5602,3.5883
2019_320,2019-11-16,-2210.8556,16.0539,-257.8751,2.85,-120.1867,4.5759,-180.4786,5.775,-345.818,7.0366,-155.7595,6.0992,-728.3393,9.7793,-422.3984,3.601
2019_350,2019-12-16,-2121.1255,15.9849,-259.3572,2.8378,-95.1925,4.5562,-155.5986,5.7502,-351.7434,7.0064,-129.8451,6.073,-704.7902,9.7373,-424.5986,3.5856
2020_016,2020-01-16,-2186.9219,16.8287,-257.4032,2.9876,-105.2581,4.7967,-150.9552,6.0537,-399.1174,7.3762,-124.6869,6.3935,-710.8528,10.2513,-438.6482,3.7748
2020_046,2020-02-15,-2206.1951,17.6594,-263.0694,3.135,-84.5876,5.0335,-180.1618,6.3525,-371.1759,7.7403,-133.554,6.7092,-732.7243,10.7573,-440.9221,3.9612
2020_076,2020-03-16,-2204.7505,16.2804,-252.2033,2.8902,-105.2793,4.6404,-191.6479,5.8565,-395.0036,7.1359,-125.0865,6.1853,-697.354,9.9173,-438.1759,3.6518
2020_106,2020-04-15,-2211.4944,16.4654,-249.9652,2.9231,-105.6693,4.6932,-187.7429,5.923,-364.6229,7.217,-135.7047,6.2555,-719.9591,10.03,-447.8304,3.6933
2020_137,2020-05-16,-2168.9723,16.7592,-248.7341,2.9752,-112.8995,4.7769,-169.2841,6.0287,-369.0694,7.3458,-113.9884,6.3672,-701.8331,10.209,-453.1637,3.7592
2020_168,2020-06-16,-2172.1869,16.6095,-255.8341,2.9486,-129.244,4.7342,-177.6151,5.9748,-370.5766,7.2801,-110.2297,6.3103,-682.4711,10.1178,-446.2163,3.7257
2020_198,2020-07-16,-2289.7025,16.4642,-291.399,2.9229,-128.573,4.6928,-185.7455,5.9226,-387.6802,7.2165,-116.6166,6.2551,-705.7978,10.0293,-473.8905,3.6931
2020_229,2020-08-16,-2439.1173,16.7602,-312.1565,2.9754,-116.5755,4.7772,-181.2994,6.029,-410.8206,7.3462,-165.5148,6.3675,-769.7983,10.2096,-482.9522,3.7595
2020_260,2020-09-16,-2477.918,16.6691,-293.6169,2.9592,-106.3544,4.7512,-188.2356,5.9963,-431.912,7.3063,-181.5917,6.3329,-794.9055,10.1541,-481.3019,3.739
2020_290,2020-10-16,-2401.4348,16.9494,-283.8011,3.009,-120.1144,4.8311,-173.8889,6.0971,-443.8433,7.4291,-150.4494,6.4394,-761.4323,10.3248,-467.9054,3.8019
2020_320,2020-11-15,-2371.7864,17.8088,-284.4475,3.1616,-141.9899,5.0761,-182.6956,6.4062,-422.2705,7.8058,-161.3266,6.7659,-720.6339,10.8483,-458.4225,3.9947
2020_351,2020-12-16,-2330.877,16.9517,-300.2891,3.0094,-120.8125,4.8318,-159.054,6.0979,-426.7423,7.4301,-149.0253,6.4403,-700.4413,10.3262,-474.5125,3.8024
2021_016,2021-01-16,-2302.7728,16.5708,-298.4563,2.9418,-101.652,4.7232,-166.3054,5.9609,-419.3873,7.2632,-129.9432,6.2956,-709.2457,10.0942,-477.7829,3.717
2021_046,2021-02-15,-2349.0113,17.1336,-292.0891,3.0417,-97.2235,4.8836,-169.8195,6.1634,-436.292,7.5098,-143.8246,6.5094,-727.2041,10.437,-482.5585,3.8432
2021_075,2021-03-16,-2382.4034,16.5929,-291.5141,2.9457,-111.6084,4.7295,-156.6426,5.9688,-432.2011,7.2728,-147.3067,6.304,-750.827,10.1076,-492.3034,3.7219
2021_106,2021-04-16,-2265.8991,16.3672,-280.1135,2.9056,-132.2747,4.6652,-144.3824,5.8877,-430.7936,7.1739,-106.9046,6.2182,-700.1242,9.9701,-471.3061,3.6713
2021_136,2021-05-16,-2281.2267,16.5139,-297.2631,2.9317,-127.2676,4.707,-181.558,5.9404,-406.7792,7.2382,-124.2614,6.274,-657.6922,10.0595,-486.4052,3.7042
2021_167,2021-06-16,-2326.7441,16.4315,-305.4931,2.9171,-113.8258,4.6835,-172.0653,5.9108,-420.0576,7.2021,-117.1713,6.2427,-689.2493,10.0094,-508.8816,3.6857
2021_197,2021-07-16,-2414.4151,16.3117,-310.5587,2.8958,-102.3165,4.6494,-189.8938,5.8677,-420.8901,7.1496,-143.3786,6.1971,-745.3281,9.9364,-502.0494,3.6589
2021_228,2021-08-16,-2528.504,16.1761,-306.9051,2.8717,-134.149,4.6107,-225.3497,5.8189,-429.5285,7.0901,-160.5507,6.1456,-776.1403,9.8537,-495.8807,3.6284
2021_259,2021-09-16,-2636.3637,16.194,-313.7212,2.8749,-151.7208,4.6158,-217.8156,5.8254,-472.1146,7.098,-200.8542,6.1524,-803.4772,9.8646,-476.6601,3.6324
2021_289,2021-10-16,-2557.2834,15.9784,-312.5178,2.8366,-138.6819,4.5544,-222.4042,5.7478,-457.9918,7.0035,-190.1392,6.0705,-766.1456,9.7333,-469.4029,3.5841
2021_320,2021-11-16,-2564.4705,16.4505,-325.4385,2.9204,-105.3438,4.6889,-202.3205,5.9176,-455.0197,7.2104,-217.5383,6.2499,-778.8257,10.0209,-479.984,3.69
2021_350,2021-12-16,-2530.2029,16.3955,-315.5393,2.9107,-85.0681,4.6732,-189.3561,5.8978,-451.1205,7.1863,-224.0618,6.229,-784.0853,9.9874,-480.9719,3.6776
2022_016,2022-01-16,-2524.9157,16.352,-300.5131,2.9029,-101.6114,4.6608,-207.3929,5.8822,-447.9694,7.1673,-201.9017,6.2124,-781.2478,9.9609,-484.2794,3.6679
2022_046,2022-02-15,-2517.136,16.9312,-303.9094,3.0058,-127.101,4.8259,-188.6927,6.0905,-469.4577,7.4211,-165.8718,6.4325,-764.008,10.3137,-498.0954,3.7978
2022_075,2022-03-16,-2449.8932,16.8241,-302.4913,2.9867,-151.968,4.7954,-187.9705,6.052,-456.814,7.3742,-132.5979,6.3918,-726.7243,10.2485,-491.3272,3.7738
2022_106,2022-04-16,-2458.9288,17.0789,-329.518,3.032,-136.4852,4.868,-153.9693,6.1437,-467.397,7.4859,-132.6298,6.4886,-725.4012,10.4037,-513.5282,3.831
2022_136,2022-05-16,-2483.768,16.8886,-329.236,2.9982,-119.9015,4.8138,-171.2214,6.0752,-457.5558,7.4025,-145.1039,6.4163,-738.0119,10.2878,-522.7376,3.7883
2022_167,2022-06-16,-2499.8487,16.8383,-305.4402,2.9893,-116.0247,4.7994,-173.3759,6.0571,-490.0035,7.3804,-155.2227,6.3972,-739.2435,10.2571,-520.5381,3.777
2022_197,2022-07-16,-2572.9687,16.7121,-304.3759,2.9669,-132.0894,4.7635,-202.5575,6.0117,-511.6604,7.3251,-133.8161,6.3493,-760.4999,10.1803,-527.9695,3.7487
2022_228,2022-08-16,-2619.6731,17.0475,-307.7536,3.0264,-161.4513,4.8591,-226.5464,6.1324,-483.1746,7.4721,-157.9237,6.4767,-763.1056,10.3846,-519.718,3.8239
2022_259,2022-09-16,-2572.541,17.2281,-312.1596,3.0585,-150.1504,4.9105,-235.7488,6.1973,-473.882,7.5513,-175.4093,6.5453,-689.2097,10.4946,-535.9813,3.8644
2022_289,2022-10-16,-2638.2978,17.2495,-319.1215,3.0623,-116.4868,4.9167,-214.8701,6.2051,-508.8839,7.5606,-218.4225,6.5534,-730.4034,10.5076,-530.1095,3.8692
2022_320,2022-11-16,-2563.3676,17.4541,-301.9039,3.0986,-109.0124,4.975,-204.1737,6.2786,-529.0425,7.6503,-214.252,6.6311,-695.3533,10.6322,-509.6299,3.9151
2022_350,2022-12-16,-2558.5842,17.5046,-303.078,3.1075,-119.9366,4.9894,-213.6914,6.2968,-540.4889,7.6725,-186.1116,6.6503,-696.1025,10.663,-499.1753,3.9264
2023_016,2023-01-16,-2554.2111,18.7237,-296.5936,3.324,-139.2925,5.3368,-212.479,6.7354,-555.3511,8.2068,-172.8802,7.1135,-668.9348,11.4056,-508.68,4.1999
2023_046,2023-02-15,-2525.885,19.2163,-321.6751,3.4114,-111.3669,5.4772,-184.5911,6.9125,-510.3722,8.4227,-178.81,7.3006,-691.5002,11.7057,-527.5695,4.3104
2023_075,2023-03-16,-2576.6613,18.6213,-336.7438,3.3058,-124.8331,5.3077,-200.2826,6.6985,-529.3575,8.1619,-167.6529,7.0746,-683.688,11.3433,-534.1033,4.1769
2023_106,2023-04-16,-2609.3482,22.0835,-334.2749,3.9204,-122.5518,6.2945,-167.7043,7.944,-533.3394,9.6795,-181.5898,8.39,-720.3973,13.4523,-549.4906,4.9535
2023_136,2023-05-16,-2692.8857,18.4948,-330.9136,3.2833,-118.4752,5.2716,-196.2293,6.653,-488.2155,8.1065,-215.8157,7.0266,-774.5238,11.2662,-568.7126,4.1486
2023_167,2023-06-16,-2575.7299,17.9559,-316.5528,3.1877,-125.7752,5.118,-191.5787,6.4592,-516.3561,7.8703,-194.3536,6.8218,-690.6427,10.9379,-540.4707,4.0277
2023_197,2023-07-16,-2616.2604,17.5495,-327.0449,3.1155,-152.8022,5.0022,-168.5728,6.313,-545.5438,7.6921,-220.4819,6.6674,-691.9367,10.6904,-509.8781,3.9365
2023_228,2023-08-16,-2859.0362,17.5305,-363.8169,3.1122,-170.3434,4.9968,-215.1956,6.3061,-553.7731,7.6838,-269.8104,6.6602,-740.2894,10.6788,-545.8074,3.9323
2023_258,2023-09-15,-2814.2236,17.9281,-357.662,3.1827,-139.8459,5.1101,-228.0767,6.4491,-527.6535,7.8581,-284.8709,6.8112,-734.8014,10.921,-541.3131,4.0214
2023_289,2023-10-16,-2865.7731,18.3938,-330.4777,3.2654,-167.5552,5.2428,-249.9495,6.6167,-640.2735,8.0622,-271.9962,6.9882,-686.6672,11.2047,-518.8539,4.1259
